trade_date,loan_age,cosign,income_annual,upb,monthly_payment,fico,origbalance,mos_to_repay,repay_status,mos_to_balln
2023-01-01,38,0,125819.28,15682.33,370.64,805,26282.36,0,0,47
2023-01-01,23,0,164999.9,138847.31,1026.3,758,147437.17,0,0,218
2023-01-01,28,0,54156.96,5742.49,328.19,753,16998.34,0,0,32
2023-01-01,18,0,102168.76,59732.73,439.16,784,62516.29,0,0,223
2023-01-01,2,0,204458.28,97399.93,1020.96,796,98738.63,0,0,118
2023-01-01,33,0,79999.92,67912.91,566.27,658,72975.97,0,0,207
2023-01-01,33,0,191589.28,68212.9,557.05,819,74277.02,0,0,207
2023-01-01,11,0,82031.2,16835.72,370.77,780,19854.5,0,0,51
2023-01-01,23,0,61878.72,8549.06,269.67,780,14141.62,0,0,47
2023-01-01,2,0,124800,175301.56,3354.15,818,180617.48,0,0,58
2023-01-01,12,0,54681.12,77678.71,730.55,755,81019.76,0,0,169
2023-01-01,31,0,138132,20652.82,287.26,804,26876.96,0,0,90
2023-01-01,19,0,52000,46919.44,371.46,710,48731.72,0,0,222
2023-01-01,7,0,129174,98833.2,856.24,778,101293.73,0,0,174
2023-01-01,21,0,65920.31,38961.88,494.21,812,44941.08,0,0,100
2023-01-01,20,0,111971.49,30247.93,277.08,826,33278.78,0,0,160
2023-01-01,44,0,156451.08,47971.14,765.79,753,71368.49,0,0,77
2023-01-01,12,0,44021.16,13330.73,117.27,787,13844.68,0,0,169
2023-01-01,22,0,42550.11,5700.03,172.73,705,8870.47,0,0,38
2023-01-01,9,0,76000.08,13873.46,306.24,757,16049.07,0,0,52
2023-01-01,43,0,60772.14,51295.93,577.7,688,63230.86,0,0,137
2023-01-01,17,0,60000,23279.08,298.47,772,26530.66,0,0,104
2023-01-01,37,0,110240,40702.23,962.61,746,67752.95,0,0,86
2023-01-01,32,0,92999.92,10004.27,382.96,804,20353.8,0,0,29
2023-01-01,38,0,76999.92,32803.57,280.45,754,36149.59,0,0,202
2023-01-01,6,0,66410.26,20612.1,245.19,764,21277.01,0,0,115
2023-01-01,48,0,250000.08,4251.6,363.33,736,19312.15,0,0,13
2023-01-01,30,0,55559.92,21828.51,467.07,797,31948.35,0,0,54
2023-01-01,22,0,121576,35204.6,326.87,766,38339.8,0,0,159
2023-01-01,13,0,108000.1,62445.95,480.04,719,64219.84,0,0,227
2023-01-01,32,0,234999.96,102934.49,2279.03,750,162582.22,0,0,52
2023-01-01,30,0,180000,173435.49,2603.92,751,243698.64,0,0,90
2023-01-01,14,0,413844.23,192780.12,2317.43,695,208039.17,0,0,107
2023-01-01,15,0,102408.02,17116.92,295.31,710,20465.39,0,0,69
2023-01-01,13,0,118699.88,104422.76,1267.16,826,119304.43,0,0,107
2023-01-01,26,0,201999.98,60440.51,786.92,813,73729,0,0,95
2023-01-01,38,0,70000.06,31241.43,478.87,773,41399.45,0,0,83
2023-01-01,3,0,197999.88,93349.74,1317.58,847,96325.16,0,0,81
2023-01-01,25,0,338102.91,209469.6,2393.54,795,297554.38,0,0,156
2023-01-01,36,0,87150,41100.93,1209.63,815,82701.41,0,0,49
2023-01-01,20,0,64718.56,59695.58,567.75,756,64529.22,0,0,161
2023-01-01,22,0,68527.68,32994.67,317.04,741,35813.88,0,0,158
2023-01-01,31,0,211020,42508.08,1488.74,812,82795.16,0,0,30
2023-01-01,21,0,60822.32,3933.22,668.08,850,46793.01,0,0,64
2023-01-01,42,0,200200,34573.17,928.26,743,65216.07,0,0,85
2023-01-01,21,0,75000,6892.23,128.49,713,8790.22,0,0,64
2023-01-01,15,0,225000,67008.6,100,818,67008.6,0,0,123
2023-01-01,31,0,217320.22,87773.06,826.1,789,100191.09,0,0,149
2023-01-01,38,0,219680.01,157146.07,3108.7,807,298331.68,0,0,82
2023-01-01,18,0,65250,19527.59,186.79,706,20909.28,0,0,163
2023-01-01,26,0,80000.18,3651.45,168.11,791,8933.67,0,0,34
2023-01-01,31,0,127418.82,85744.24,887.08,751,100951.78,0,0,149
2023-01-01,12,0,115482,50216.47,1326.38,834,71334.29,0,0,48
2023-01-01,20,0,90222.6,19170.71,528.91,701,27553.52,0,0,41
2023-01-01,17,0,312357,170176.12,4577.18,758,251329.51,0,0,44
2023-01-01,30,0,212619.35,227910.08,2304.44,799,334874.48,0,0,210
2023-01-01,25,0,270834.24,16757,518.6,828,27967.81,0,0,59
2023-01-01,45,0,138864.44,44022.26,711.96,826,65173.67,0,0,76
2023-01-01,33,0,119057.16,12678.35,277.16,828,19116.72,0,0,53
2023-01-01,39,0,250900.32,10747.41,1956.98,672,188763.45,0,0,83
2023-01-01,21,0,54250.56,14258.18,139.39,777,15985.69,0,0,159
2023-01-01,8,0,79310.04,17567.18,132.05,833,17832.57,0,0,233
2023-01-01,31,0,58300.06,33190.49,502.99,744,42772.34,0,0,89
2023-01-01,27,0,121014.4,39752.58,538.69,692,47878.98,0,0,94
2023-01-01,20,0,135000,174307.64,2222.24,810,206719.09,0,0,101
2023-01-01,24,0,120265.6,43798.88,403.29,791,50520.06,0,0,156
2023-01-01,37,0,167148.8,84048.57,882.29,784,106175.17,0,0,144
2023-01-01,17,0,74545.68,54797.76,930.44,834,65771.05,0,0,69
2023-01-01,18,0,163155.2,91272.41,761.34,759,96925.87,0,0,164
2023-01-01,30,0,150894.6,57610.82,1227.44,762,112370.8,0,0,55
2023-01-01,15,0,183850.5,49984.97,1252.53,786,68762.33,0,0,45
2023-01-01,21,0,98104.5,71644.96,914.82,757,83743.68,0,0,100
2023-01-01,9,0,203320,24823.15,821.84,820,44375,0,0,52
2023-01-01,14,0,144146.88,16631.42,196.4,810,18337.34,0,0,106
2023-01-01,25,0,106500,11059.57,339.16,783,17998.72,0,0,36
2023-01-01,41,0,168893.04,64383.74,1700.76,827,123264.3,0,0,44
2023-01-01,2,0,54953.6,8120.77,161.82,759,8401.58,0,0,59
2023-01-01,53,0,73000.2,59629,655.23,773,75151.77,0,0,128
2023-01-01,28,0,235000.08,28808.66,955.06,818,52330.28,0,0,33
2023-01-01,4,0,149160.79,31387.63,289.58,691,31738.14,0,0,176
2023-01-01,25,0,241000,67157.77,858.09,803,81756.99,0,0,96
2023-01-01,4,0,114000,26150.64,297.44,768,26848.75,0,0,116
2023-01-01,16,0,65000.16,23868.92,306.57,714,27616.15,0,0,104
2023-01-01,32,0,131820,63955.69,2356.99,702,120501.24,0,0,28
2023-01-01,13,0,51706.2,23361.44,396.78,712,26812.8,0,0,71
2023-01-01,16,0,125000,20393.37,167.26,815,21801.42,0,0,164
2023-01-01,22,0,180944.01,130614.3,1139.83,785,142687.14,0,0,159
2023-01-01,20,0,68347.8,3664.51,278.55,826,14646.51,0,0,41
2023-01-01,37,0,192000,11444.99,591.67,839,32303.23,0,0,23
2023-01-01,27,0,65270.4,3716.5,655.35,737,44072.88,0,0,58
2023-01-01,45,0,63697.66,22965.9,375.37,743,33789.97,0,0,121
2023-01-01,33,0,59000,3308.84,120.78,760,24889.59,0,0,64
2023-01-01,20,0,110669,64529.78,582.5,809,70015.39,0,0,161
2023-01-01,24,0,300009.84,45142.14,839,818,61029.41,0,0,60
2023-01-01,25,0,45000,9014.29,92.86,788,11280.2,0,0,155
2023-01-01,14,0,46280,26501.41,239.9,744,27968.26,0,0,167
2023-01-01,46,0,103000.08,25732.71,430.69,772,39845.1,0,0,74
2023-01-01,31,0,61339.2,10005.09,390.61,832,19667.58,0,0,29
2023-01-01,50,0,70000.06,12182.49,1400.54,749,80045.66,0,0,61
2023-01-01,21,0,82941.09,47499.2,382.28,684,50197.02,0,0,219
2023-01-01,25,0,111276.3,54453.05,497.81,785,59633.01,0,0,157
2023-01-01,19,0,100000,12240.66,163.29,845,15209.52,0,0,102
2023-01-01,17,0,55008,42190.92,352.29,726,43705.12,0,0,223
2023-01-01,17,0,150230.34,170209.06,1533.64,764,190380.7,0,0,165
2023-01-01,45,0,79999.92,96889.46,754.69,708,98981.4,0,0,195
2023-01-01,55,0,66800.16,14646.66,342.22,817,39572.73,0,0,125
2023-01-01,11,0,109454.8,22008.76,256.58,783,23743.2,0,0,110
2023-01-01,20,0,144500.04,9200.88,243.78,797,13054.68,0,0,41
2023-01-01,15,0,79999.92,38494.44,459.49,797,42748.73,0,0,105
2023-01-01,33,0,224890.96,9359.05,1217.78,824,65889.97,0,0,27
2023-01-01,19,0,90000,70112.33,883.54,773,83423.97,0,0,102
2023-01-01,21,0,249999.88,36090.18,1004.25,850,55202.89,0,0,39
2023-01-01,20,0,72128.68,31546.05,282.49,805,34244.65,0,0,161
2023-01-01,24,0,85102.16,32484.3,439.3,766,40177.06,0,0,97
2023-01-01,42,0,248000.02,39283.01,597.9,826,57475.43,0,0,79
2023-01-01,42,0,101920,17192.86,202.41,728,23215.58,0,0,138
2023-01-01,4,0,275350.92,52772.25,440.06,759,53488.93,0,0,176
2023-01-01,32,0,80435,27247.65,598.12,810,41424.13,0,0,52
2023-01-01,23,0,60451.22,48600.64,720.96,766,62751.95,0,0,99
2023-01-01,11,0,176321.83,58568.49,547.26,758,76316.85,0,0,230
2023-01-01,9,0,191360,112647.22,1751.11,787,126365.22,0,0,75
2023-01-01,16,0,211999.84,200893.58,2384.99,763,224444.65,0,0,104
2023-01-01,8,0,96750,31884.04,244.38,754,32567.82,0,0,232
2023-01-01,26,0,214154.16,86847.27,660.95,803,93183.13,0,0,214
2023-01-01,23,0,138450,35200.69,441.83,836,42145.59,0,0,98
2023-01-01,23,0,200000.06,390972.86,2974.09,775,419434.52,0,0,218
2023-01-01,9,0,128750.18,22519.85,329.86,824,30188.25,0,0,112
2023-01-01,28,0,122943.34,61891.41,820.5,816,76768.1,0,0,92
2023-01-01,31,0,226664,16226.64,347.31,791,56071.02,0,0,85
2023-01-01,26,0,186222.4,96108.56,1568.19,767,146765.42,0,0,95
2023-01-01,1,0,123049.94,55394.75,803.06,797,56782.83,0,0,83
2023-01-01,25,0,124938.94,14073.4,450.02,803,23772.67,0,0,35
2023-01-01,31,0,132999.88,136098.92,1950.9,727,173499.2,0,0,89
2023-01-01,17,0,182413.4,71953.33,859.82,848,81462.42,0,0,103
2023-01-01,30,0,253200,223930.77,3053.18,756,289405.92,0,0,91
2023-01-01,28,0,170000,221334.78,1617.89,734,237495.64,0,0,214
2023-01-01,24,0,161179.78,10121.5,289.94,791,15877.16,0,0,37
2023-01-01,34,0,53911,62717.34,574.9,758,67863.1,0,0,241
2023-01-01,23,0,113885.46,42707.79,563.18,813,50042.45,0,0,98
2023-01-01,26,0,70000.06,34366.53,277.99,744,36497.48,0,0,214
2023-01-01,17,0,70589.39,43901.35,319.98,811,44348.62,0,0,229
2023-01-01,4,0,123362.44,90952.75,1016.79,770,92948.05,0,0,117
2023-01-01,30,0,70454.43,47633.21,480.56,733,53434.42,0,0,151
2023-01-01,33,0,69999.96,43259.34,387.06,643,45422.75,0,0,211
2023-01-01,10,0,111701.2,11092.07,134.48,709,12001,0,0,111
2023-01-01,51,1,147796.96,4131.82,484.27,785,25868.89,0,0,10
2023-01-01,15,0,280000,26076.17,446.35,826,32216.87,0,0,69
2023-01-01,19,0,226636.4,77005.72,673.66,817,84353.53,0,0,161
2023-01-01,34,0,64500.02,49326.21,433.97,675,53277.8,0,0,207
2023-01-01,23,0,110048.92,64964.86,515.18,755,69344.9,0,0,218
2023-01-01,20,0,118876.78,92190.53,919.45,832,112316.04,0,0,161
2023-01-01,25,0,189806.4,83016.31,1055.87,783,100600.73,0,0,95
2023-01-01,19,0,124999.92,85079.47,734.96,803,92120.55,0,0,162
2023-01-01,5,0,110839.09,23736.94,492.95,741,25612.34,0,0,55
2023-01-01,32,0,70798.56,57068.95,796.66,841,73289.35,0,0,89
2023-01-01,50,0,249999.88,35064.21,587.76,779,76791.49,0,0,71
2023-01-01,46,0,246499.92,142362.04,1169.94,735,168202.5,0,0,194
2023-01-01,21,0,59739.94,61078.18,493.94,776,64167.75,0,0,219
2023-01-01,28,0,239229.38,70493.71,686.77,730,79456.18,0,0,181
2023-01-01,30,0,124999.94,27511.55,583.19,801,41772.1,0,0,54
2023-01-01,15,0,140050.04,26460.88,636.45,798,34507.65,0,0,45
2023-01-01,38,0,76715.08,10799.3,503.77,730,26264.23,0,0,23
2023-01-01,47,0,114652.92,98158.44,1035.98,776,122296,0,0,181
2023-01-01,42,0,118560,71249.27,604.72,731,80068.97,0,0,241
2023-01-01,36,0,113663,25731.24,260.26,831,31330.14,0,0,144
2023-01-01,23,0,154349.88,67325.21,2166.96,822,118771.69,0,0,38
2023-01-01,25,0,146259.98,58766.09,468.88,722,62220.93,0,0,215
2023-01-01,53,0,124999.94,32536.98,631.65,799,57857.91,0,0,68
2023-01-01,24,0,47008,9575.53,74.84,757,10114.32,0,0,217
2023-01-01,27,0,46548.76,12394.01,369.19,721,24811.38,0,0,58
2023-01-01,32,0,54433,65309.98,574.03,718,69879.78,0,0,210
2023-01-01,11,0,59999.94,16805.67,434.73,811,23098.61,0,0,50
2023-01-01,39,0,79999.92,165388.47,1384.85,761,178336.94,0,0,201
2023-01-01,23,0,113703.55,30509.62,428.93,739,40123.86,0,0,99
2023-01-01,14,0,85191.08,78994.59,956.53,774,88038,0,0,107
2023-01-01,29,0,203149.09,17697.61,635.83,850,34410.63,0,0,32
2023-01-01,18,0,68571.14,31566.86,322.15,700,37541.11,0,0,162
2023-01-01,22,0,380123.62,76387.87,2199.26,805,120030.1,0,0,38
2023-01-01,7,0,141780,37133.47,335.15,766,38021.44,0,0,174
2023-01-01,43,0,46000.08,29556.6,543.9,754,48936.99,0,0,77
2023-01-01,27,0,126790,38357.18,352.19,768,42694.62,0,0,154
2023-01-01,28,0,267020.94,14397.18,478.81,764,32987.39,0,0,33
2023-01-01,1,0,147745.25,58622.26,540.32,695,58676.56,0,0,180
2023-01-01,9,0,68640,11722.86,133.24,821,12451.72,0,0,111
2023-01-01,21,0,200000.04,18415.24,504.58,756,27625.51,0,0,39
2023-01-01,14,0,141609.5,95148.1,1571.13,749,111893,0,0,71
2023-01-01,13,0,224779.2,101903.02,1187.94,804,112576.88,0,0,108
2023-01-01,6,0,71678.64,10932.97,93.63,824,11171.5,0,0,174
2023-01-01,14,0,195999.96,121188.86,2908.15,789,160457.76,0,0,46
2023-01-01,35,0,70915.68,30734.99,466.64,741,39866.59,0,0,121
2023-01-01,29,0,119301.21,125249.33,977.65,777,143260.22,0,0,241
2023-01-01,22,0,168466.85,62607.94,550.3,836,68936.44,0,0,158
2023-01-01,27,0,195000,81190.03,2643.24,787,144848.14,0,0,33
2023-01-01,20,0,94028.5,12685.67,361.74,755,19148.51,0,0,40
2023-01-01,28,0,212706.92,256764.12,1921.89,779,286159.54,0,0,242
2023-01-01,22,0,79726.4,28499.42,279.36,695,31522.37,0,0,160
2023-01-01,10,0,42882.41,6658.47,182,822,9715.87,0,0,51
2023-01-01,18,0,130759.97,14593.31,652.64,816,36095.58,0,0,43
2023-01-01,25,0,88200,9445.67,291.89,806,15558.58,0,0,35
2023-01-01,19,0,71999.98,23309.54,604.04,817,32346.55,0,0,42
2023-01-01,5,0,85000.08,25191,291.07,782,102468.07,0,0,115
2023-01-01,47,0,56000,6560.8,534.79,772,28347.24,0,0,14
2023-01-01,32,0,118875.38,463.6,22.47,773,7253.57,0,0,28
2023-01-01,20,0,93400.08,109673.87,993.33,838,119948.25,0,0,160
2023-01-01,28,0,94000,54335.41,536.47,711,60622.39,0,0,152
2023-01-01,27,0,76014,16273.02,533.94,814,28165.27,0,0,33
2023-01-01,53,0,100000.16,111704.9,967.04,736,125505.92,0,0,190
2023-01-01,17,0,135385.49,24152.12,187.49,816,25592.45,0,0,224
2023-01-01,19,0,131400,142023.75,1792.06,787,166798.34,0,0,102
2023-01-01,10,0,72800,47800.14,563.15,806,51110.06,0,0,110
2023-01-01,11,0,97922.5,12724.59,305.5,696,15838.26,0,0,50
2023-01-01,12,0,557798.4,107022.57,2403.21,785,131584.38,0,0,49
2023-01-01,37,0,138846.24,16361.26,757.55,810,40256.92,0,0,24
2023-01-01,9,0,115000,37205.94,324,782,38597.84,0,0,171
2023-01-01,24,0,170181,48980.34,651.38,744,58637.99,0,0,96
2023-01-01,23,0,129200,12944.64,244.41,828,17044.49,0,0,61
2023-01-01,23,0,152728.95,43510.16,551.81,771,51628.57,0,0,97
2023-01-01,27,0,79170,27594.89,559.89,748,38461.52,0,0,57
2023-01-01,13,0,100193.08,6535.75,166.43,749,8838.07,0,0,47
2023-01-01,22,0,163000,144421.72,1834.88,804,170556.05,0,0,120
2023-01-01,29,0,40000.08,34535.97,342.33,780,38649.71,0,0,152
2023-01-01,34,0,49797.28,15410.89,140.07,731,16741.79,0,0,207
2023-01-01,2,0,165172.8,66504.91,505.79,785,66632.97,0,0,238
2023-01-01,32,0,62665.99,48180.78,402.21,713,52076.51,0,0,209
2023-01-01,30,0,180000,166222.36,1555.68,763,188734.11,0,0,151
2023-01-01,31,0,206871.65,32342.32,1845.68,821,133719.36,0,0,53
2023-01-01,31,0,51916.8,13511.71,504.97,690,26505.19,0,0,30
2023-01-01,52,1,197677.8,43359.09,742.25,754,70346.56,0,0,68
2023-01-01,22,0,192088,26996.39,347.32,745,32880.07,0,0,98
2023-01-01,5,0,43500,44891.77,388.99,788,45794.57,0,0,175
2023-01-01,28,0,202773.36,28842.94,956.96,843,52434.22,0,0,32
2023-01-01,47,0,88119.98,23646.11,388.25,791,34928.09,0,0,75
2023-01-01,22,0,114088,28225.5,982.02,789,69108.8,0,0,62
2023-01-01,20,0,71680,117220.84,963.55,685,124104.16,0,0,221
2023-01-01,22,0,76000.34,16972.97,166.39,797,18939.23,0,0,158
2023-01-01,21,0,340000,75709.42,820.67,840,102089.83,0,0,159
2023-01-01,29,0,144368,5039.98,166.89,837,9138.98,0,0,33
2023-01-01,11,0,146640.96,108278.84,1290.88,741,118409.31,0,0,117
2023-01-01,23,0,130000,48072.58,592.85,820,56822.84,0,0,99
2023-01-01,43,0,508833,13186.61,874.75,800,48408.57,0,0,17
2023-01-01,36,0,64400.16,12249.72,291.44,778,20082.23,0,0,85
2023-01-01,11,0,200000.16,233494.17,2657.94,804,256305.97,0,0,111
2023-01-01,19,0,111868.38,48056.04,1142.34,815,82075.22,0,0,65
2023-01-01,19,0,169999.94,111686.29,985.65,800,121410.15,0,0,162
2023-01-01,31,0,195000,9834.49,376.88,842,20329.16,0,0,29
2023-01-01,43,0,191800,17059.45,461.17,799,32459.29,0,0,41
2023-01-01,36,0,139643.7,16513.36,137.95,780,19212.37,0,0,213
2023-01-01,11,0,65036.33,16838.23,269.65,765,18968.5,0,0,74
2023-01-01,17,0,76571.1,27927.55,247.76,764,30029.43,0,0,165
2023-01-01,35,0,105970.53,86232.39,1282.02,782,114190.72,0,0,86
2023-01-01,30,0,112517,36933.33,655.61,796,58355.85,0,0,90
2023-01-01,22,0,227992.16,32396.92,567.29,841,42182.92,0,0,62
2023-01-01,19,0,40721.98,21729.85,214.93,729,23805.33,0,0,161
2023-01-01,28,0,103383.43,46602.59,654.37,749,57843.73,0,0,92
2023-01-01,20,0,90000.04,47380.11,419.22,822,51294.6,0,0,160
2023-01-01,40,0,90001.6,45934.58,1171.17,786,82612.91,0,0,84
2023-01-01,10,0,250570.2,30086.74,217.64,809,30325.26,0,0,234
2023-01-01,18,0,90523.94,33127.26,300.58,774,35685.63,0,0,164
2023-01-01,29,0,59107.62,23732.59,341.94,692,29745.94,0,0,92
2023-01-01,26,0,67999.92,24751.85,335.19,782,30169.12,0,0,94
2023-01-01,30,0,75000,40157.46,590.84,739,49589.4,0,0,91
2023-01-01,32,0,72568.96,6613.92,146.07,756,9999.99,0,0,52
2023-01-01,20,0,141348,42193.9,731.17,815,54100.78,0,0,65
2023-01-01,29,0,75500,2620.53,156.6,748,8164.39,0,0,32
2023-01-01,20,0,104988,67950.07,604.74,818,74479.04,0,0,161
2023-01-01,24,0,65000,8723.76,191.63,795,13234.18,0,0,61
2023-01-01,14,0,191250.04,81811.76,1334.64,780,95856.11,0,0,71
2023-01-01,35,0,180176.48,51114.06,427.83,828,56673.57,0,0,205
2023-01-01,7,0,82999.92,11755.59,271.42,833,14322.13,0,0,54
2023-01-01,36,0,175000.08,86577.97,824.33,701,101584.93,0,0,144
2023-01-01,48,0,77535.84,22866.37,298.04,772,35016.57,0,0,133
2023-01-01,29,0,90480,41820.77,873.61,832,60185.24,0,0,55
2023-01-01,16,0,170988.37,103682.64,758.49,842,107833.84,0,0,226
2023-01-01,33,0,78000,12472.53,527.85,774,27544.63,0,0,28
2023-01-01,22,0,200000,322280.48,2486.82,742,339658,0,0,220
2023-01-01,20,0,54550.08,59617.7,488.49,650,62893.68,0,0,221
2023-01-01,13,0,156000,57876.69,943.43,796,67825.46,0,0,71
2023-01-01,28,0,124000.04,56017.87,807.28,825,73060.26,0,0,93
2023-01-01,23,0,50000.08,37051.2,296.39,678,35773.38,0,0,217
2023-01-01,9,0,55131,6944.05,154.97,824,8155.19,0,0,52
2023-01-01,32,0,210017.6,201080.35,2792.39,753,264794.08,0,0,89
2023-01-01,46,0,120000,146365.93,2469.91,735,218996.33,0,0,75
2023-01-01,11,0,104154.97,10002.77,612.01,772,32624.8,0,0,50
2023-01-01,19,0,40546.8,22675.81,189.91,705,23536.07,0,0,223
2023-01-01,40,0,255461.91,13785.7,378.3,829,26970.07,0,0,44
2023-01-01,16,0,130478.4,20498.42,347.49,826,25373.06,0,0,69
2023-01-01,34,0,145966.1,11621.6,474.81,700,25605.77,0,0,26
2023-01-01,38,0,244009.28,25601.84,372.93,827,35000,0,0,82
2023-01-01,20,0,164999.9,45981.98,559.66,740,53604.01,0,0,100
2023-01-01,26,0,77382.68,16208.35,224.95,821,20029.65,0,0,94
2023-01-01,25,0,65127.17,24132.29,484.51,668,33152.16,0,0,59
2023-01-01,53,1,164060,20142.27,361.86,814,33316.68,0,0,67
2023-01-01,21,0,75000.12,49645.04,648.12,745,57947.57,0,0,99
2023-01-01,31,0,325537.51,50537.84,717.42,827,64927.72,0,0,89
2023-01-01,17,0,174990.4,89663.81,1076.75,779,101385.32,0,0,103
2023-01-01,39,0,230400.04,232502.93,3469.92,824,325679.19,0,0,81
2023-01-01,11,0,100571.34,74988.91,535.77,816,77017.35,0,0,230
2023-01-01,39,0,91838.28,54226.92,1389.63,813,95782.27,0,0,46
2023-01-01,32,0,306780,5501.88,118.55,810,24048.05,0,0,52
2023-01-01,33,0,113039.76,6359.25,348.14,764,18336.43,0,0,28
2023-01-01,22,0,321254.5,104255.77,783.01,793,110267.33,0,0,220
2023-01-01,19,0,132600,8689.67,554.85,806,30000,0,0,42
2023-01-01,18,0,126000,141624.26,1756.95,810,162520.55,0,0,103
2023-01-01,31,0,79999.92,31821.36,724.54,807,49528.28,0,0,53
2023-01-01,3,0,170630.46,34624.33,315.22,712,34770.51,0,0,178
2023-01-01,51,0,136000.02,35896.47,607.15,699,58498.47,0,0,70
2023-01-01,31,0,207419.04,9719.02,426.3,775,22989.81,0,0,30
2023-01-01,18,0,116602.29,6087.51,158.85,716,8420.51,0,0,42
2023-01-01,8,0,91999.92,22936.12,278.71,664,24626.77,0,0,112
2023-01-01,37,0,184774.2,29533.35,231.89,850,43810.43,0,0,203
2023-01-01,3,0,120250,187681.91,1509.46,820,190338.57,0,0,177
2023-01-01,48,0,80531.88,39663.35,372.63,729,48986.35,0,0,192
2023-01-01,30,0,179232.96,96722.83,959,725,108998.95,0,0,150
2023-01-01,23,0,119999.88,138300.88,1105.84,815,162351.69,0,0,218
2023-01-01,17,0,100000,102733.22,1258.21,814,116420.07,0,0,104
2023-01-01,26,0,65128.44,11407.55,395.06,822,20772.59,0,0,35
2023-01-01,10,0,133426.28,36405.98,428.63,792,39935.58,0,0,110
2023-01-01,22,0,75962.64,28415.22,369.88,698,33253.31,0,0,100
2023-01-01,49,0,56400,78740.64,725.18,687,90224.68,0,0,191
2023-01-01,4,0,108554.88,43455.43,475.65,834,44253.11,0,0,117
2023-01-01,22,0,127753.6,27688.64,1043.23,819,56412.5,0,0,39
2023-01-01,39,0,118399.84,67441.19,1013.06,743,92809.77,0,0,81
2023-01-01,32,0,147000,29313.63,628.88,709,45005.45,0,0,52
2023-01-01,8,0,34170,13140.32,215.08,831,14438.37,0,0,76
2023-01-01,28,0,95000.16,26708.69,614.31,781,41697.58,0,0,60
2023-01-01,16,0,68640,8371.07,99.93,780,9295.96,0,0,106
2023-01-01,25,0,120000,12414.11,184.59,704,17007.46,0,0,95
2023-01-01,25,0,100000.08,91227.47,1231.36,830,111546.87,0,0,95
2023-01-01,18,0,309254.37,63701.68,549.61,791,68301.64,0,0,163
2023-01-01,17,0,107374.02,75727.82,659.79,845,82033.54,0,0,163
2023-01-01,14,0,80400,20214.12,237.32,809,22320.83,0,0,106
2023-01-01,25,0,52910,13879.01,191.89,753,16679.59,0,0,95
2023-01-01,41,0,89643.96,37651.6,983.08,775,69067.56,0,0,43
2023-01-01,55,1,98544.94,14505.45,168.66,750,18678.69,0,0,182
2023-01-01,37,0,125000,8635.24,212.76,780,14975.29,0,0,48
2023-01-01,25,0,81599.96,25082.88,784.24,762,37955.77,2,1,62
2023-01-01,22,0,100169.72,20269.45,375.12,791,26517.34,0,0,63
2023-01-01,16,0,170707.52,150597.89,3017.46,756,214897.14,0,0,68
2023-01-01,28,0,406410.96,141141.67,2758.22,790,200063.9,0,0,57
2023-01-01,30,0,134201.6,29906.87,398.56,809,38013.52,0,0,90
2023-01-01,37,0,47980.92,33332.98,295.65,656,35983.18,0,0,203
2023-01-01,9,0,111792.09,61853.42,1447.33,787,77076.59,0,0,51
2023-01-01,38,0,232592.64,46769.18,470.93,774,58059.34,0,0,142
2023-01-01,28,0,57475.08,79561.24,654.36,690,84328.47,0,0,212
2023-01-01,24,0,170000.16,102172.53,1282.46,815,122874.6,0,0,96
2023-01-01,28,0,64396.8,89099.17,881.17,711,98139.5,0,0,154
2023-01-01,15,0,46040,28030.43,360.31,749,32199.08,0,0,105
2023-01-01,58,0,54080,879.64,461.37,791,24175.77,0,0,2
2023-01-01,24,0,200000.06,27038.66,364.44,721,32405.21,0,0,97
2023-01-01,53,0,145000.08,61465.07,1089.42,808,102179.33,0,0,68
2023-01-01,15,0,155000.04,61257.03,1019.23,773,73531.18,0,0,69
2023-01-01,2,0,63003.2,40097.63,585.98,775,41347.16,0,0,82
2023-01-01,43,0,165317.1,11271.65,689.01,756,39288.68,0,0,61
2023-01-01,25,0,90001.6,31533.65,419.75,778,36710.44,0,0,98
2023-01-01,22,0,122400.2,45862.49,357.91,687,48384.55,0,0,220
2023-01-01,4,0,142438.4,124532.81,1364.85,824,127758.57,0,0,117
2023-01-01,34,0,60000,90737.41,1331.71,762,130186.68,0,0,91
2023-01-01,10,0,154400.05,36959.4,324.7,799,38216.94,0,0,170
2023-01-01,27,0,227400.16,86373.85,2808.46,772,148944.05,0,0,34
2023-01-01,14,0,48888.48,5168.44,85.25,806,6056.16,0,0,70
2023-01-01,9,0,146944.8,71790.54,599.17,797,75026.43,0,0,171
2023-01-01,17,0,97133.04,62027.31,561.14,793,65818.45,0,0,164
2023-01-01,18,0,82820.14,11100.82,153.33,744,13798.03,0,0,103
2023-01-01,31,0,55000,42377.19,379.32,760,48902.83,0,0,209
2023-01-01,50,0,233699.04,5224.59,552.31,831,30166.54,0,0,10
2023-01-01,22,0,50004,14908.79,148.07,724,16702.22,0,0,159
2023-01-01,43,0,148114.98,33981.69,349.6,848,41055.24,0,0,137
2023-01-01,35,0,49476,69099.19,738.39,759,78353.3,0,0,147
2023-01-01,22,0,56758.82,8943.95,646.25,787,33764.18,0,0,39
2023-01-01,5,0,80000,9125.32,135.13,748,9483.56,0,0,80
2023-01-01,24,0,200000.06,219923.31,2609.32,831,263591.58,0,0,96
2023-01-01,27,0,131506.79,15348.82,487.89,816,25892.55,0,0,35
2023-01-01,36,0,150333.72,14135.61,628.08,724,33350.62,0,0,24
2023-01-01,21,0,242508.5,87167.96,2756.06,815,151041.6,0,0,39
2023-01-01,27,0,187118.76,90213.63,850.4,837,105687,0,0,153
2023-01-01,26,0,58718.1,10687.56,145.09,818,12753.12,0,0,95
2023-01-01,35,0,153086.39,284456.45,2417.83,698,320681.68,0,0,206
2023-01-01,21,0,115918.4,28502.9,364.43,693,33149.8,0,0,99
2023-01-01,19,0,141051.11,96363.12,1712.47,768,120429.52,0,0,65
2023-01-01,46,0,102021.92,58389.86,966.86,780,87051.76,0,0,74
2023-01-01,27,0,155000.04,39400.45,536.35,691,48312.23,0,0,93
2023-01-01,38,0,84375,55542.24,469.7,708,61726.22,0,0,203
2023-01-01,30,0,56587.18,21544.18,464.82,744,31237.67,0,0,54
2023-01-01,43,0,134853,83641.7,875.67,714,100470.03,0,0,137
2023-01-01,29,0,49000.12,8360.39,263.83,799,13889.1,0,0,36
2023-01-01,5,0,127873.34,70405.01,518.26,746,70912.97,0,0,237
2023-01-01,39,0,77000.04,19518.89,315.13,657,38352.12,0,0,120
2023-01-01,41,0,282500.4,42465.36,1090.23,748,77715.59,0,0,43
2023-01-01,15,0,136999.92,62474.11,1603.61,748,85194.32,0,0,46
2023-01-01,16,0,167199.96,57848.58,490.8,833,61984.8,0,0,165
2023-01-01,50,0,246146.23,203565.74,3390.19,813,315635.6,0,0,71
2023-01-01,26,0,115486.56,19092.42,191.34,797,22095.18,0,0,154
2023-01-01,21,0,152000,74299.17,643.18,771,81259.22,0,0,160
2023-01-01,18,0,120500,11185.9,326.57,787,31322,0,0,102
2023-01-01,14,0,144999.92,252377.86,2158.73,760,255822.74,0,0,166
2023-01-01,49,0,136500,38058.16,3239.04,777,143702.35,0,0,59
2023-01-01,35,0,136622,81006.2,696.96,704,87822.3,0,0,205
2023-01-01,19,0,650000,210037.88,5642.49,787,309079.12,0,0,42
2023-01-01,24,0,233274,224247.26,1651.18,799,239620.59,0,0,217
2023-01-01,6,0,65000,22568.07,348.98,785,23982.11,0,0,78
2023-01-01,19,0,48000,7531,246.44,823,13054.69,0,0,42
2023-01-01,31,0,66417,75011.72,631.79,768,81468.46,0,0,209
2023-01-01,20,0,54125.04,46963.3,430.32,827,51292.95,0,0,162
2023-01-01,36,0,72944.4,25362.05,382.8,662,33479.89,0,0,84
2023-01-01,43,0,370542.67,66371.63,697.85,828,83386.14,0,0,138
2023-01-01,13,0,153371.04,26108.14,221.83,798,28259,0,0,168
2023-01-01,21,0,66033.12,42226.76,546.26,803,49224.41,0,0,100
2023-01-01,38,0,124710.96,34425.76,862.55,774,59470.74,0,0,47
2023-01-01,58,0,224999.84,55254.49,1372.2,806,124799.4,0,0,63
2023-01-01,7,0,125000,25936.18,550.49,810,29323.6,0,0,54
2023-01-01,24,0,127530,25957.18,785.84,707,41367.65,0,0,37
2023-01-01,6,0,118369.39,28733.64,349.87,708,30124.14,0,0,115
2023-01-01,12,0,200000.16,61893.48,1413.99,782,77663.58,0,0,49
2023-01-01,15,0,90999.92,32752.37,784.6,750,41638.22,0,0,46
2023-01-01,32,0,90000,47170.96,394.83,653,50883.06,0,0,208
2023-01-01,18,0,67091.05,34689.68,331.74,660,36805.6,0,0,163
2023-01-01,24,0,145430.27,175147.74,1330.56,758,187558.2,0,0,217
2023-01-01,33,0,274999.92,326694.96,2560.59,735,357437.7,0,0,208
2023-01-01,38,0,140000.16,131480.49,1073.27,684,146753.13,0,0,202
2023-01-01,32,0,71804.72,8838.07,198.68,767,13590.36,0,0,52
2023-01-01,21,0,285632,401206.95,3061.46,799,422506.09,0,0,219
2023-01-01,3,0,150000.12,203927.2,2214.86,772,207670.44,0,0,117
2023-01-01,41,0,170250.04,13882.98,359.7,802,25125.72,0,0,43
2023-01-01,22,0,65920.08,30439.71,250.58,735,32262.62,0,0,220
2023-01-01,15,0,65998.4,1885.59,272.56,820,19170.62,0,0,70
2023-01-01,25,0,241989.81,94812.14,877.84,819,106432.78,0,0,155
2023-01-01,36,0,150000,14768.92,212.93,829,20042.01,0,0,121
2023-01-01,31,0,97764.16,10869,90.7,694,11692.92,0,0,209
2023-01-01,21,0,100368.84,12668.48,232.5,780,16320.76,0,0,64
2023-01-01,8,0,137196.28,168452.36,2672.2,769,183279.75,0,0,78
2023-01-01,42,0,105999.4,8882.14,236.3,693,16430.66,0,0,42
2023-01-01,18,0,92372.82,15007.07,261.36,791,18300.69,0,0,67
2023-01-01,24,0,298681.6,120682.12,1085.98,768,134869.43,0,0,156
2023-01-01,17,0,85000.08,10035,256.45,791,13752.96,0,0,43
2023-01-01,19,0,48902.92,34255.54,318.57,759,36831.63,0,0,161
2023-01-01,25,0,73440,35174.49,348.36,715,38912.46,0,0,156
2023-01-01,51,0,142671.46,35709.79,595.68,813,56455.61,0,0,71
2023-01-01,23,0,179992.8,11209.67,1154.69,789,62853.96,0,0,38
2023-01-01,17,0,136160,54427.76,456.66,832,58159.39,0,0,164
2023-01-01,21,0,59648.4,36359.61,290.59,706,38129.16,0,0,219
2023-01-01,29,0,184880.28,73465.33,1004.49,823,95693.62,0,0,92
2023-01-01,36,0,70200,47999.2,519.13,735,88912.91,0,0,145
2023-01-01,9,0,186432.32,28543.65,615.1,809,33044.79,0,0,52
2023-01-01,23,0,82241.9,50401.95,420.82,788,53857.67,0,0,217
2023-01-01,38,0,168836.2,18070.64,444.13,818,31662.91,0,0,46
2023-01-01,34,0,163030.4,38257.82,1507.18,719,79154.49,0,0,29
2023-01-01,30,0,95142.73,28544.25,591.25,810,41245.01,0,0,55
2023-01-01,2,0,106369.38,6475.43,55.91,762,6505.09,0,0,178
2023-01-01,15,0,160000.1,93136.64,2314.02,808,124174.41,0,0,45
2023-01-01,27,0,117800.02,22505.05,313.33,673,27262.21,0,0,94
2023-01-01,49,0,177474.72,40582.55,406.65,787,51328.1,0,0,136
2023-01-01,22,0,147036.82,44803.09,1265.37,758,67402.26,0,0,62
2023-01-01,43,0,139050,90011.71,2436.07,785,173761.51,0,0,42
2023-01-01,21,0,93600,44066.15,1448.93,720,76400.65,0,0,43
2023-01-01,16,0,106000.08,32690.63,290.17,750,34631.48,0,0,166
2023-01-01,21,0,106833.9,29772.64,386.56,793,33977.33,0,0,100
2023-01-01,20,0,70137.6,10800.44,298.36,751,15540.71,0,0,40
2023-01-01,30,0,63744,36331.13,301.55,783,38860.91,0,0,211
2023-01-01,43,0,99559.98,10589.88,764.89,746,40126.64,0,0,17
2023-01-01,22,0,62899.98,7254.52,297.04,779,15521.75,0,0,39
2023-01-01,16,0,60000,43461.73,404.52,781,46326.57,0,0,166
2023-01-01,19,0,78399,56139.19,529.8,721,59770.13,0,0,162
2023-01-01,8,0,71315.92,11541.29,241.69,809,12896,0,0,53
2023-01-01,40,0,80080,4761.09,202.2,792,14242.08,0,0,44
2023-01-01,22,0,61480.12,15478.33,457.92,726,23210.76,0,0,39
2023-01-01,3,0,103430.08,72498.51,793.68,830,73820,0,0,117
2023-01-01,23,0,66438,21878.64,419.2,778,28659.78,0,0,62
2023-01-01,49,0,76429.35,6055.88,373.81,740,18731.46,0,0,17
2023-01-01,19,0,198008.34,318740.07,3255.4,794,422211.66,0,0,161
2023-01-01,50,0,174520.58,114823.72,922.73,788,134906.35,0,0,190
2023-01-01,16,0,131803.74,31901.39,390,740,35863.26,0,0,105
2023-01-01,30,0,145912,13025.07,465.88,756,24753.93,0,0,30
2023-01-01,18,0,45344,28712.33,228.21,705,29552.24,0,0,223
2023-01-01,51,0,210000,191653.85,2008.17,782,241698.12,0,0,131
2023-01-01,12,0,87017.58,9288.88,78.66,775,9688.07,0,0,170
2023-01-01,18,0,93600,44427.35,778.29,828,54963.89,0,0,68
2023-01-01,17,0,149782.13,116327.52,2181.58,813,156723.41,0,0,68
2023-01-01,17,0,150696,83903.96,638.36,688,87309.08,0,0,225
2023-01-01,21,0,102780.17,46599.89,386.67,750,49784.36,0,0,219
2023-01-01,9,0,40000.08,48626.92,442.22,750,50288.97,0,0,171
2023-01-01,14,0,83000,26573.89,317.25,814,30154.71,0,0,107
2023-01-01,30,0,97839.36,203340.76,2123.89,753,228950.23,0,0,151
2023-01-01,36,0,104967.46,50167.14,421.67,718,54872.7,0,0,205
2023-01-01,9,0,51210.64,16680.79,155.71,772,17574.41,0,0,172
2023-01-01,29,0,75000,1206.91,181.5,748,9405.07,0,0,31
2023-01-01,32,0,45000,15461.24,351.86,713,23679.86,0,0,52
2023-01-01,20,0,140290,12646.4,332.95,761,18198.3,0,0,41
2023-01-01,43,0,75000.12,15154.37,243.97,748,24187.31,0,0,120
2023-01-01,36,0,113170.2,65479.65,1576.83,819,109623.64,0,0,48
2023-01-01,14,0,185000.4,28674.98,463.72,693,32074.85,0,0,70
2023-01-01,19,0,103131.52,14734.75,181.82,818,16915.42,0,0,101
2023-01-01,19,0,68147.3,78405.14,655.94,686,81293.23,0,0,223
2023-01-01,18,0,443000.16,217137.61,1851.52,790,235623.33,0,0,163
2023-01-01,10,0,199999.92,40685.71,316.95,705,41681.48,0,0,231
2023-01-01,23,0,170123.08,7917.65,235.95,744,12614.96,0,0,38
2023-01-01,14,0,111532.8,51248.08,744.45,818,68459.53,0,0,106
2023-01-01,29,0,44425.39,17348.05,173.99,737,19365.78,0,0,152
2023-01-01,49,0,172000,84742.03,1459.17,800,139312,0,0,72
2023-01-01,34,0,139487.9,76011.67,2090.61,825,145905.24,0,0,50
2023-01-01,29,0,350000.16,44599.32,1605.46,842,87906.93,0,0,32
2023-01-01,9,0,88009.49,5579.52,124.55,751,6424.21,0,0,51
2023-01-01,27,0,70000,23274.86,460.72,850,32129.92,0,0,59
2023-01-01,41,0,140000,6095.85,348.37,808,19021.75,0,0,19
2023-01-01,24,0,54600,8983.32,87.35,699,9774.97,0,0,157
2023-01-01,15,0,55999.84,42544.25,517.23,815,46698.24,0,0,106
2023-01-01,22,0,78000,23671.29,461.01,791,31805.26,0,0,62
2023-01-01,23,0,174600.92,54804.86,433.77,793,56984.57,0,0,219
2023-01-01,39,0,109437.2,27939.49,440.69,804,39928.08,0,0,81
2023-01-01,13,0,77500.02,15951.69,272.14,731,18581.08,0,0,71
2023-01-01,21,0,91150.1,53958.92,514.42,744,58025.02,0,0,160
2023-01-01,45,0,66810.75,48861.16,423.38,729,47025.95,0,0,196
2023-01-01,19,0,88579.92,9576.4,248.19,775,13285.85,0,0,42
2023-01-01,29,0,49920,41615.08,612.13,786,62578.28,0,0,91
2023-01-01,4,0,127882.97,111475.39,788.66,758,112102.16,0,0,237
2023-01-01,35,0,189235.8,185722.3,1512.67,755,217444.84,0,0,205
2023-01-01,27,0,129200,9605.97,244.41,828,17044.49,0,0,57
2023-01-01,27,0,270000,136617.17,1805.39,794,172236.51,0,0,93
2023-01-01,19,0,59386.98,41178.64,377.43,747,44292.37,0,0,161
2023-01-01,16,0,114543.73,13771.99,182.88,800,17011.8,0,0,105
2023-01-01,21,0,59999.94,19052.29,247.03,737,21826.04,0,0,100
2023-01-01,22,0,83000.04,8812.55,247.79,751,13024.05,0,0,39
2023-01-01,48,0,137496.32,66752.94,1163.69,786,106607.7,0,0,72
2023-01-01,30,0,222732.5,35688.35,1259.78,850,68773.11,0,0,30
2023-01-01,43,0,70500,44155.64,715.63,839,64431.97,0,0,77
2023-01-01,15,0,135000,28117.28,455.75,766,33151.83,0,0,70
2023-01-01,18,0,129970,78147.55,1530.72,741,109567.68,0,0,66
2023-01-01,22,0,118687.6,42447.12,786.37,796,55526.95,0,0,63
2023-01-01,7,0,97375,45849.07,525.21,797,47598.35,0,0,114
2023-01-01,21,0,155000,166581.42,2030.09,760,193347.86,0,0,101
2023-01-01,41,0,70277.24,11230.44,171.4,750,16055.97,0,0,79
2023-01-01,18,0,207035.28,139962.89,2435.38,766,174935.11,0,0,66
2023-01-01,8,0,110431.62,7020.41,110.99,781,7677.29,0,0,76
2023-01-01,32,0,202384.5,31990.92,245.55,798,35334.89,0,0,208
2023-01-01,25,0,45999.98,28287.55,280.25,688,31189.48,0,0,155
2023-01-01,24,0,288779.4,92202.29,1725.06,821,126622.27,0,0,60
2023-01-01,8,0,55785.6,14755.49,135.36,737,15144.09,0,0,172
2023-01-01,31,0,51400.08,22195.05,331.93,743,36857.3,0,0,150
2023-01-01,63,0,64999.92,19352.1,422.86,711,37174.86,0,0,58
2023-01-01,22,0,75336,93354.42,761.04,759,98021.09,0,0,218
2023-01-01,47,1,64797.2,30079.63,337.33,743,48662.84,0,0,133
2023-01-01,17,0,74574,48110.64,358.55,762,50493.19,0,0,223
2023-01-01,45,0,106884,26758.75,439.38,809,40258.92,0,0,75
2023-01-01,23,0,124680.54,39209.81,299.33,757,41701.26,0,0,218
2023-01-01,17,0,79999.92,39886.51,1019.72,756,55185.94,0,0,43
2023-01-01,17,0,161900,25977.11,440.36,833,32031.97,0,0,68
2023-01-01,16,0,110725.2,18519.71,488.21,792,26159.78,0,0,44
2023-01-01,20,0,81600,16501.79,644.81,810,76742.42,0,0,160
2023-01-01,30,0,130420.15,25815.3,521.1,765,37982.13,0,0,55
2023-01-01,18,0,169346.27,29191.57,257.66,822,31772.69,0,0,163
2023-01-01,24,0,76524.04,29648.96,897.66,792,47219.05,0,0,37
2023-01-01,7,0,83200,50775.29,810.3,783,55729.74,0,0,79
2023-01-01,10,0,131807.1,21787.26,351.5,805,24200.23,0,0,74
2023-01-01,4,0,53019.2,15636.59,146.8,722,16042.38,0,0,176
2023-01-01,52,0,54999.88,49395.23,491.38,822,64574.14,0,0,189
2023-01-01,32,0,49168.22,51140.62,540.06,749,57741.22,0,0,148
2023-01-01,32,0,114333.94,14066.04,559.68,670,28848.42,0,0,45
2023-01-01,19,0,120000,23905.27,414.23,788,29534.69,0,0,66
2023-01-01,26,0,136443,8199.7,261.98,747,13798.67,0,0,34
2023-01-01,50,0,177880.92,22436.2,378.93,757,36133.19,0,0,121
2023-01-01,27,0,232567.63,181428.06,1319.37,828,195614.53,0,0,213
2023-01-01,31,0,140536.5,28176.84,1111.42,754,60674.08,0,0,29
2023-01-01,23,0,147717.02,38586,383.89,757,47334.99,0,0,157
2023-01-01,9,0,94607.3,54320.96,1180.65,771,62849.52,0,0,51
2023-01-01,25,0,166463.68,114911.6,1036.9,752,127703.28,0,0,155
2023-01-01,10,0,102124.8,34234.44,311.75,816,36178.31,0,0,170
2023-01-01,28,0,249999.88,85110.87,1694.59,844,122900.97,0,0,56
2023-01-01,30,0,105000,73604.31,725.78,662,83849.22,0,0,151
2023-01-01,19,0,63441,221818.77,1633.14,803,232193.01,0,0,222
2023-01-01,30,0,162000,70729.78,972.34,813,92716.91,0,0,90
2023-01-01,34,0,141172.01,41452.98,594.68,813,55366.82,0,0,86
2023-01-01,32,0,50835.2,63154.92,571.69,772,67625.51,0,0,208
2023-01-01,28,0,162167.14,30704.56,637.04,780,45623.78,0,0,56
2023-01-01,42,0,53083.16,41956.83,436.2,737,50030.8,0,0,138
2023-01-01,46,0,92892.8,4116.77,312.21,750,16526.6,0,0,15
2023-01-01,19,0,189725.55,28142.4,243.08,818,30404.61,0,0,163
2023-01-01,23,0,49590.84,40332.97,329.53,731,42499.03,0,0,218
2023-01-01,9,0,104329.94,24930.77,332.93,831,30295.74,0,0,111
2023-01-01,32,0,123692.14,74991.55,1175.58,761,104532.31,0,0,89
2023-01-01,38,0,42500.04,27099.41,246.64,750,29454.05,0,0,203
2023-01-01,42,0,60876.66,47790.94,549.49,738,64182.12,0,0,140
2023-01-01,17,0,121613.16,60505.53,1548.55,780,82924.73,0,0,43
2023-01-01,11,0,50544,111992.43,900.43,768,114222.47,0,0,230
2023-01-01,28,0,73000,22684.66,225.48,800,25205.52,0,0,152
2023-01-01,44,0,132726.88,4064.22,319.55,738,16935.93,0,0,22
2023-01-01,27,0,165000,75932.98,1519.17,816,110050.74,0,0,58
2023-01-01,45,0,370542.67,65593.06,697.85,828,83386.14,0,0,135
2023-01-01,35,0,113000,38935.52,586.79,766,51651.01,0,0,85
2023-01-01,9,0,82000,20109.19,243.61,734,21282.72,0,0,112
2023-01-01,5,0,190000,36518.04,588.11,796,41057.68,0,0,81
2023-01-01,26,0,113521.72,42302.8,555.78,849,52000,0,0,94
2023-01-01,21,0,66584.78,5434.28,71.93,773,6988.58,0,0,100
2023-01-01,18,0,108015.12,24345.81,223.87,733,26208.58,0,0,163
2023-01-01,36,0,224233.52,131611.14,1112.61,779,139801.62,0,0,211
2023-01-01,22,0,311994,340365.55,3032.51,757,373482.4,0,0,158
2023-01-01,17,0,104534.37,60814.94,457.61,737,63093.07,0,0,223
2023-01-01,60,0,55000,35809.09,421.57,768,48107.71,0,0,121
2023-01-01,18,0,74854.78,16697.73,441.5,728,22994.61,0,0,42
2023-01-01,35,0,64468.08,79362.58,657.79,758,84649.24,0,0,209
2023-01-01,15,0,188000.14,120650.34,3319.75,725,241835.3,0,0,69
2023-01-01,16,0,130000,137571.36,1638.6,844,155123.58,0,0,105
2023-01-01,21,0,124999.92,11140.87,336.89,773,81706.72,0,0,39
2023-01-01,17,0,115745.16,29054.66,500.24,825,35390.52,0,0,67
2023-01-01,17,0,92202.11,16345.74,284.87,713,19863.49,0,0,69
2023-01-01,12,0,42675.04,18870.74,168.08,817,19977.85,0,0,168
2023-01-01,8,0,251550,301146.48,2107.56,764,309480.55,0,0,232
2023-01-01,23,0,186316.77,248245.62,2258.52,810,280647.9,0,0,157
2023-01-01,23,0,143058,98939.63,1271.6,782,119107.14,0,0,97
2023-01-01,8,0,43859.92,23514.44,199.03,774,24111.65,0,0,173
2023-01-01,29,0,74258.84,31728.38,322.89,758,35632.41,0,0,181
2023-01-01,32,0,169442.78,40740.6,398.37,743,46074.87,0,0,148
2023-01-01,15,0,50000,8056.23,135.96,759,9526.9,0,0,69
2023-01-01,55,0,100000.16,12194.09,300.57,731,27026.85,0,0,65
2023-01-01,27,0,113149.52,8840.47,173.9,755,12409.3,0,0,78
2023-01-01,12,0,144999.92,111726.91,1808.53,740,129442.72,0,0,73
2023-01-01,20,0,80459,15709.34,464.88,780,24588.68,0,0,41
2023-01-01,7,0,165000,101000.16,1222.29,781,112274.11,0,0,114
2023-01-01,23,0,125000,58081.52,522.85,756,64306.53,0,0,158
2023-01-01,8,0,108000.1,191371.81,1767.72,735,193492.25,0,0,176
2023-01-01,18,0,130441.69,38062.94,338.07,789,41679.28,0,0,162
2023-01-01,17,0,90000.04,26749.41,464.47,799,32939.75,0,0,68
2023-01-01,36,0,120000.14,8717.66,470.29,775,22566.76,0,0,40
2023-01-01,7,0,117000,91318.45,1046.38,831,96336.67,0,0,114
2023-01-01,15,0,121958.92,65767.67,1123.63,763,79471.13,0,0,69
2023-01-01,15,0,55000.4,20134.9,260.6,717,22097.34,0,0,106
2023-01-01,61,0,100999.92,21671.7,510.36,791,47237.06,0,0,59
2023-01-01,17,0,52000.08,36023.88,517.35,788,46762.81,0,0,105
2023-01-01,27,0,89760,42223.54,864.54,786,59204.27,0,0,58
2023-01-01,18,0,322524.8,87079.33,2333.54,815,130669.36,0,0,43
2023-01-01,23,0,123271.3,40057.94,300.37,832,42692.55,0,0,218
2023-01-01,1,0,45000.02,37241.87,760.85,717,38999.45,0,0,59
2023-01-01,13,0,50000.08,32006.26,246.65,806,33349.74,0,0,228
2023-01-01,23,0,285385.11,40591.8,502.56,810,47564.14,0,0,98
2023-01-01,20,0,85000.08,1494.01,209.9,766,11103.59,0,0,40
2023-01-01,28,0,160000,168415.04,2236.36,772,210695.8,0,0,93
2023-01-01,9,0,225600.04,8686.84,242.59,797,13268,0,0,52
2023-01-01,25,0,53623,9624.24,139.96,760,12030.6,0,0,96
2023-01-01,14,0,107103.36,33475.27,412.44,775,38219.04,0,0,106
2023-01-01,22,0,87180.58,40991.13,448.68,693,50609.16,0,0,158
2023-01-01,20,0,400004.8,436475.52,3817.86,723,474457.71,0,0,160
2023-01-01,5,0,199974.58,58413.77,426.04,791,59528.32,0,0,236
2023-01-01,19,0,60571.7,8066.23,218.75,784,11344.32,0,0,41
2023-01-01,25,0,188892.25,20229.55,628.61,847,34836.12,0,0,35
2023-01-01,4,0,115000,7082.27,148.93,787,7901.25,0,0,57
2023-01-01,43,0,180000,109906.49,1687.42,687,159970.78,0,0,77
2023-01-01,38,0,132895.36,23052.72,588.51,807,41072.82,0,0,46
2023-01-01,16,0,75000,46957.61,577.04,757,53001.31,0,0,105
2023-01-01,21,0,52416.52,11350.13,332.26,753,17269.73,0,0,40
2023-01-01,22,0,61360,11680.27,161.29,758,14255.47,0,0,99
2023-01-01,25,0,147299.5,89347.26,1396.75,754,133251.07,0,0,95
2023-01-01,8,0,299956.08,37003.5,1079.92,816,57510.23,0,0,53
2023-01-01,20,0,85490,75233.1,615.89,738,79310.84,0,0,220
2023-01-01,26,0,115000.08,31175.67,417.23,804,37712.72,0,0,94
2023-01-01,18,0,105000,126170.46,1000.72,673,131572.68,0,0,222
2023-01-01,9,0,125766.84,25719.3,608.04,813,32779.48,0,0,52
2023-01-01,50,0,134000.1,26807.46,459.57,720,42121.29,0,0,70
2023-01-01,16,0,92000,26761,645.84,768,42980.21,0,0,45
2023-01-01,32,0,56666.6,34575.67,309.86,711,37704.62,0,0,209
2023-01-01,42,0,166000.72,28735.7,759.1,804,53436.81,0,0,42
2023-01-01,33,0,200000.06,161033,1392.6,771,200123.14,0,0,208
2023-01-01,40,0,49432.5,14723.64,234.94,764,20428.52,0,0,80
2023-01-01,61,0,184999.92,40591.06,499.19,700,55460.83,0,0,119
2023-01-01,20,0,68000,60997.97,786.35,803,71088.52,0,0,101
2023-01-01,24,0,56398.26,77753.58,751.35,784,84749.15,0,0,158
2023-01-01,10,0,212220.06,265164.77,2264.83,770,283051.5,0,0,170
2023-01-01,25,0,95000.1,44721.29,876.28,785,61367.01,0,0,59
2023-01-01,38,0,215150.26,8181.95,200.02,727,13903.73,0,0,46
2023-01-01,23,0,87000.16,5996.44,175.65,766,9263.16,0,0,38
2023-01-01,20,0,146543.47,36996.78,469.68,696,42824.57,0,0,101
2023-01-01,24,0,60000,29984.2,416.53,826,36405.8,0,0,97
2023-01-01,4,0,85000.08,59864.93,544.37,738,60571.1,0,0,176
2023-01-01,11,0,80000,52690.79,616.16,832,57365.92,0,0,110
2023-01-01,24,0,193901.24,62540.27,556.97,773,69150.57,0,0,156
2023-01-01,29,0,101116,33459.09,702.72,759,48019.93,0,0,55
2023-01-01,34,0,181006,3049.44,72.8,834,5038.09,0,0,56
2023-01-01,31,0,59999.94,56605.74,571.29,776,64991.96,0,0,150
2023-01-01,25,0,68640,38304.14,1272.94,784,66980.36,0,0,35
2023-01-01,18,0,58666.66,42401.98,393.68,808,45590.06,0,0,164
2023-01-01,31,0,66677.16,24364.03,881.32,825,45961.2,0,0,30
2023-01-01,9,0,172419.5,158818.1,1118.62,774,166113.74,0,0,232
2023-01-01,44,0,274999.92,13015.54,222.46,715,20000,0,0,76
2023-01-01,27,0,117000,18052.53,365.22,755,25176.99,0,0,57
2023-01-01,50,0,57002.51,19568.28,344.79,771,28463.44,0,0,117
2023-01-01,39,0,374400,51426.34,2576.72,815,140752.86,0,0,21
2023-01-01,1,0,370000,377997.9,2950.46,788,377997.9,0,0,180
2023-01-01,8,0,146878.81,88219.31,670.67,728,89348.27,0,0,233
2023-01-01,44,0,61224,8133.8,582.68,713,40161.84,0,0,41
2023-01-01,32,0,135000,37531.46,530.25,765,48035.31,0,0,88
2023-01-01,7,0,164995.08,35657.86,922.31,825,49548.72,0,0,53
2023-01-01,30,0,89065.6,99514.22,1377.54,725,120111.5,0,0,91
2023-01-01,19,0,69804,27107.59,336.37,753,30782.25,0,0,102
2023-01-01,30,0,166983.18,34125.92,330.46,833,56301.24,0,0,181
2023-01-01,10,0,136803.72,24209.43,210.15,720,24671.9,0,0,170
2023-01-01,26,0,220799.8,69370.44,565.15,743,73419.51,0,0,215
2023-01-01,32,0,191839.6,7871.69,64.64,814,8585.74,0,0,208
2023-01-01,27,0,101774.4,67786.84,553.43,786,71896.44,0,0,214
2023-01-01,25,0,240300.32,23214.24,1706.14,712,159653.77,0,0,96
2023-01-01,40,0,152366.92,17204.8,633.31,794,44488.19,0,0,45
2023-01-01,35,0,119671.24,11342.79,271.63,715,18236.56,0,0,49
2023-01-01,38,0,159119.38,41222.76,422.99,757,48879.5,0,0,142
2023-01-01,47,0,125000,10226.37,595.66,842,55465.19,0,0,73
2023-01-01,17,0,49687.86,11002.49,106.13,690,11615.18,0,0,167
2023-01-01,56,0,138896.94,12818.36,460.73,788,53634.92,0,0,126
2023-01-01,23,0,70226.4,35152.7,287.04,736,37112.93,0,0,218
2023-01-01,29,0,175000.02,61974.14,1265.09,805,92075.43,0,0,56
2023-01-01,40,0,70399.42,7112.52,385.54,689,20097.15,0,0,21
2023-01-01,47,0,79999.92,60092.58,976.05,816,101905.36,0,0,122
2023-01-01,25,0,69220.92,71938.24,692.6,744,78208.5,1,1,155
2023-01-01,21,0,300917.64,55355.47,1494.75,808,80855.32,0,0,41
2023-01-01,29,0,225799.92,63214.54,1100.93,809,103179.42,0,0,91
2023-01-01,24,0,131386.57,16203.35,309.54,803,21711.42,0,0,60
2023-01-01,15,0,153550.25,35631.56,315.28,786,38513.6,0,0,165
2023-01-01,37,0,51000,25737.07,273.83,736,29506.56,0,0,145
2023-01-01,21,0,86983.92,46031.95,590.41,761,53374.59,0,0,100
2023-01-01,55,0,78166.08,17658.19,199.4,809,23053.56,0,0,125
2023-01-01,20,0,224228.87,32373.01,281.92,745,33443.82,0,0,161
2023-01-01,20,0,57259.98,29746.8,279.45,791,32587.23,0,0,160
2023-01-01,4,0,68148.08,13776.55,279.84,815,14806.95,0,0,57
2023-01-01,35,0,54704,25486.15,592,781,39495.4,0,0,50
2023-01-01,46,0,119999.94,20861.34,651.83,742,46476.92,0,0,38
2023-01-01,17,0,69145.44,11007.78,308.94,789,16517.79,0,0,43
2023-01-01,44,0,101400,58790.97,3917.54,804,203639.7,0,0,16
2023-01-01,25,0,76832.07,3858.99,121.13,700,6278.63,0,0,35
2023-01-01,22,0,61329.92,17516.3,233.91,785,21146.4,0,0,98
2023-01-01,11,0,142573.08,61318.16,1001.52,821,71931.12,0,0,74
2023-01-01,50,1,147796.96,4600,484.27,785,25868.89,0,0,11
2023-01-01,7,0,224400,269710.39,2196.95,796,277780.32,0,0,174
2023-01-01,10,0,165000,24275.28,187.71,794,24974.26,0,0,231
2023-01-01,10,0,50838.81,11506.11,104.74,796,11628.9,0,0,175
2023-01-01,28,0,51043.2,21210.42,307.22,749,26463.34,0,0,92
2023-01-01,4,0,55623.82,111731.11,876.61,744,112193.42,0,0,237
2023-01-01,21,0,107513,32731.59,304.95,730,35769,0,0,160
2023-01-01,45,0,53357.2,33868.64,356.57,716,40445.32,0,0,136
2023-01-01,8,0,81674.76,51608.09,590.99,761,54299.1,0,0,112
2023-01-01,39,0,251219.8,179099.7,1740.18,771,214510.31,0,0,141
2023-01-01,23,0,174358.08,100248.95,902.28,797,111251.16,0,0,158
2023-01-01,9,0,300000,418833.4,4644.98,763,442300.61,0,0,112
2023-01-01,37,0,157000.08,2917.2,134.42,785,7194.54,0,0,25
2023-01-01,8,0,74347.2,8838.95,205.06,755,10589.04,0,0,52
2023-01-01,11,0,85654.92,50085.84,432.24,699,51539.17,0,0,171
2023-01-01,55,0,128731.2,65504.61,754.21,731,85845.27,0,0,125
2023-01-01,14,0,79377,42830.73,397.24,765,46754.25,0,0,166
2023-01-01,41,0,212480.2,42371.79,657.54,813,60193.16,0,0,80
2023-01-01,40,0,76828.18,25618.29,400.65,781,35696.12,0,0,121
2023-01-01,24,0,137177.28,43779.81,573.4,670,52167.22,0,0,96
2023-01-01,27,0,118560,12826.02,180.82,827,16379.93,0,0,93
2023-01-01,20,0,63264.42,13253.2,267.75,803,18614.25,0,0,66
2023-01-01,43,0,194520.82,32640.01,795.49,741,56836.41,0,0,46
2023-01-01,11,0,226959.92,10469.71,247.27,822,13444.98,0,0,51
2023-01-01,22,0,79999.92,15120.61,281.9,669,19254.47,0,0,64
2023-01-01,11,0,258231.82,19124.99,441.48,765,22903.29,0,0,49
2023-01-01,45,0,72800,16293.04,459.57,767,32359.98,0,0,40
2023-01-01,2,0,62370.1,61184.34,527.92,785,61519.99,0,0,178
2023-01-01,4,0,82282.5,20453.56,411.72,799,21740.32,0,0,57
2023-01-01,14,0,70178.51,89805.09,704.72,769,88489.24,0,0,236
2023-01-01,32,0,54000,21076.2,211.78,736,23918.41,0,0,148
2023-01-01,26,0,149330.17,3830.59,345.46,803,18218.75,0,0,35
2023-01-01,15,0,78447.2,13553.08,376.86,783,20083.14,0,0,45
2023-01-01,5,0,155180.08,34921.99,391.82,731,36096.83,0,0,116
2023-01-01,23,0,69680,24112.5,718.81,701,37212.06,0,0,37
2023-01-01,13,0,170019.2,48763.67,398.08,805,52001.04,0,0,167
2023-01-01,22,0,125000,34336.54,438.58,836,40797.72,0,0,99
2023-01-01,36,0,88377.36,53462.42,847.08,713,74528.95,0,0,85
2023-01-01,21,0,40103.7,11855.93,336.59,791,17450.12,0,0,39
2023-01-01,19,0,84354.96,11835.12,319.54,739,16659.17,0,0,42
2023-01-01,19,0,134960.02,51896.63,660.62,797,61126.35,0,0,103
2023-01-01,7,0,62291.58,32057.42,307.91,731,34468.82,0,0,176
2023-01-01,42,0,165950,142488.79,1488.85,737,172076.62,0,0,138
2023-01-01,50,0,85288.44,15929.23,178.89,707,19575.78,0,0,131
2023-01-01,21,0,95000,36452.45,344.59,759,40210.16,0,0,160
2023-01-01,36,0,96937.5,32557.78,479.43,752,42644.9,0,0,85
2023-01-01,10,0,90267.84,68898.91,799.87,756,73564.42,0,0,111
2023-01-01,20,0,57084,37740.42,527.18,773,46859.45,0,0,100
2023-01-01,49,0,77280,60628.99,1055.89,774,96171.71,0,0,71
2023-01-01,29,0,42188.56,25983.41,215.64,697,27800.8,0,0,211
2023-01-01,42,0,138008.95,78170.98,1214.29,838,111209.03,0,0,79
2023-01-01,25,0,47039.65,34178.19,338.09,778,38135.24,0,0,156
2023-01-01,4,0,228500.44,25918,385.14,810,27105.06,0,0,80
2023-01-01,13,0,58255.32,12523.06,208.29,784,14707.67,0,0,71
2023-01-01,20,0,117235.25,44172.07,342.88,755,46353.46,0,0,220
2023-01-01,3,0,64718.34,41758.16,361.95,784,42528.72,0,0,177
2023-01-01,31,0,138000,185696.22,1389.04,790,201699.84,0,0,210
2023-01-01,35,0,114802,9161.89,206.97,823,14444.85,0,0,51
2023-01-01,29,0,97102.65,53017.29,525.52,751,59385.34,0,0,152
2023-01-01,13,0,50924.9,33666.93,419.81,765,37000.08,0,0,107
2023-01-01,27,0,58000,11545.24,387.5,717,20073.23,0,0,33
2023-01-01,30,0,121284.8,1515.46,246.78,753,12996.34,0,0,30
2023-01-01,21,0,303144.25,52511.26,2798.67,843,153316.18,0,0,40
2023-01-01,37,0,248961.12,44291.12,1036.16,836,75096.32,0,0,47
2023-01-01,18,0,73798.92,87592.72,694.46,701,91105.14,0,0,222
2023-01-01,24,0,141257.19,111562.46,1011.55,763,125590.06,0,0,156
2023-01-01,20,0,69999.96,35676.93,493.94,819,44695.57,0,0,101
2023-01-01,4,0,90030.12,33019.6,497.45,742,33949.35,0,0,81
2023-01-01,42,0,54017.6,3522.23,207.78,821,11000,0,0,18
2023-01-01,43,0,270006.62,3005.88,193.85,759,10919.17,0,0,17
2023-01-01,36,0,135059.04,17852.26,423.17,786,30168.07,0,0,84
2023-01-01,26,0,46598,15706.12,308.02,826,21041.34,0,0,59
2023-01-01,17,0,166603.6,66275.87,796.62,779,76347.46,0,0,104
2023-01-01,8,0,77110,44861.05,714.43,760,48773.89,0,0,77
2023-01-01,19,0,53040,3924.19,511.6,805,26827,0,0,41
2023-01-01,50,0,64632.48,29897.78,648.5,793,57768.03,0,0,70
2023-01-01,20,0,237032.29,18646.06,498.45,761,27314.99,0,0,40
2023-01-01,40,0,76681.73,115845.59,1043.65,755,126996.6,0,0,200
2023-01-01,17,0,89890,17595.7,310.94,696,21200.32,0,0,67
2023-01-01,30,0,235000.08,30661.33,425.23,802,40661.91,0,0,90
2023-01-01,33,0,260000,170634.08,2371.37,770,221965.3,0,0,88
2023-01-01,4,0,112532,15220.17,303.45,797,16161.64,0,0,56
2023-01-01,29,0,103480,67087.97,661.46,721,74623.81,0,0,151
2023-01-01,9,0,225000,187756.62,100,774,188463.6,0,0,141
2023-01-01,5,0,56115.28,17092.78,199.34,803,17553.64,0,0,116
2023-01-01,40,0,94000,4346.95,231.48,764,12188.84,0,0,20
2023-01-01,9,0,71697.6,47771.13,1111.75,769,76922.59,0,0,75
2023-01-01,27,0,293074.6,41067.41,542.87,830,51763.75,0,0,94
2023-01-01,50,0,101362.8,102450.13,905.26,835,120238.2,0,0,190
2023-01-01,30,0,199312.57,60308.48,2232.33,802,120783.29,0,0,30
2023-01-01,34,0,80280.5,83520.61,701.52,718,90441.84,0,0,206
2023-01-01,44,0,51036.96,41634.17,680.77,779,59293.61,0,0,77
2023-01-01,16,0,182297.47,176389.16,1474.02,785,187627.23,0,0,166
2023-01-01,50,0,173492.8,23740.56,562.34,802,53475.91,0,0,72
2023-01-01,15,0,320999.9,188367.73,1600.8,809,200448.64,0,0,165
2023-01-01,12,0,110000,14123.03,341.19,796,18181.66,0,0,49
2023-01-01,19,0,183750,118715.79,874.89,769,125666.48,0,0,222
2023-01-01,61,0,84000.02,36893.24,892.41,807,88309.01,0,0,60
2023-01-01,31,0,277999.92,55574.4,764.89,712,71366.26,0,0,89
2023-01-01,23,0,182000,365606.58,2618.45,832,427705.99,0,0,217
2023-01-01,34,0,156070.72,45138.06,637.36,775,60766.44,0,0,86
2023-01-01,30,0,50005.2,11667.19,247.71,734,16646.66,0,0,55
2023-01-01,21,0,45735.95,3755.35,134.1,755,9131.86,0,0,63
2023-01-01,4,0,109407.28,28391.45,326.66,828,30364.41,0,0,117
2023-01-01,10,0,85000.24,52990.66,611.44,761,56681.46,0,0,110
2023-01-01,14,0,125000.04,56799.9,1321.16,801,70976.38,0,0,47
2023-01-01,8,0,71496.21,6342.3,137.16,763,7206.24,0,0,53
2023-01-01,4,0,366189,277432.15,2997.2,822,287524.22,0,0,116
2023-01-01,22,0,75000,50481.51,453.12,797,54922.02,0,0,159
2023-01-01,27,0,114388.14,20237.64,568.76,719,29744.07,0,0,40
2023-01-01,16,0,105000,105429.83,1321.92,724,119370.57,0,0,105
2023-01-01,35,0,137256.88,24890.06,249.97,837,28890.68,0,0,145
2023-01-01,24,0,170040,54241.76,482.57,845,60637.89,0,0,157
2023-01-01,24,0,138000,26051.54,557.37,786,40310.28,0,0,61
2023-01-01,11,0,64999.92,38425.91,851.3,794,45335.79,0,0,50
2023-01-01,23,0,197371.71,8808.2,262.45,819,27947.5,0,0,38
2023-01-01,43,0,299999.96,165844.02,2555.44,725,242192.63,0,0,78
2023-01-01,45,0,57999.96,106381.96,962.73,750,122701.19,0,0,196
2023-01-01,16,0,82000.1,63283.26,485.66,689,65632.17,0,0,224
2023-01-01,34,0,133320.31,90102.58,735.44,748,95649.64,0,0,207
2023-01-01,21,0,126796.8,111515.36,1409.58,803,172395.28,0,0,159
2023-01-01,15,0,56778.86,21217.13,246.39,686,27197.25,0,0,165
2023-01-01,18,0,77526,44924.01,430.27,745,50793.96,0,0,163
2023-01-01,30,0,75000.12,29462.35,1070.58,769,55376.46,0,0,30
2023-01-01,28,0,54898.14,67029.13,552.55,762,70670,0,0,213
2023-01-01,19,0,50043.84,46971.31,375.95,684,49401.91,0,0,222
2023-01-01,11,0,278408,393108.47,4471.31,798,420859.22,0,0,110
2023-01-01,36,0,195000,339883.48,2595.75,806,386851.89,0,0,204
2023-01-01,43,0,145947.84,42313.38,682.1,812,61722.15,0,0,77
2023-01-01,21,0,79040,20776.8,556.14,673,22646.4,0,0,54
2023-01-01,16,0,92187.68,9624.91,116.39,764,10783.26,0,0,104
2023-01-01,4,0,74187.36,67816.16,1030.76,763,70474.42,0,0,80
2023-01-01,11,0,67955.68,89839.6,811.6,768,92814.59,0,0,171
2023-01-01,46,0,75000.12,10094.06,87.38,738,11485.25,0,0,195
2023-01-01,40,0,70500,25878.72,928.11,690,63506.2,0,0,44
2023-01-01,27,0,70000.08,48097.08,400.6,666,50946.94,0,0,214
2023-01-01,22,0,111315.62,24634.93,707.1,683,35652.97,0,0,39
2023-01-01,29,0,48000.16,25674.36,216.99,746,27514.99,0,0,212
2023-01-01,8,0,360000,403910.9,100,790,403910.9,0,0,87
2023-01-01,29,0,162389.24,79512.18,741.35,808,92147.99,0,0,151
2023-01-01,54,0,115500,125490.7,1114.25,810,146425.92,0,0,187
2023-01-01,29,0,61000,33469.92,1059.92,796,91059.42,0,0,93
2023-01-01,31,0,195000,102182.46,1358.24,801,128729.28,0,0,90
2023-01-01,16,0,229999.9,84634.74,4213.01,838,232226.27,0,0,45
2023-01-01,11,0,189009.6,49023.26,783.9,805,56202.52,0,0,75
2023-01-01,40,0,136709.2,30754.4,248.61,770,35302.19,0,0,241
2023-01-01,16,0,63395.02,75861.85,613.94,730,78326.24,0,0,226
2023-01-01,8,0,123600,43053.25,346.83,669,44592.78,0,0,232
2023-01-01,22,0,81391.7,40543.09,538.29,826,47839.18,0,0,98
2023-01-01,6,0,139569.12,174516.86,2004.16,710,181926.79,0,0,115
2023-01-01,47,0,124008,116142.8,1951.09,801,181678.21,0,0,74
2023-01-01,56,0,56100,11994.76,225.68,790,19503.17,0,0,65
2023-01-01,29,0,93778.85,31826.7,1107.34,827,57854.61,0,0,31
2023-01-01,18,0,81682.25,14681.51,384.24,821,20302.87,0,0,42
2023-01-01,45,0,144599.98,192219.02,1927.43,739,220589.98,0,0,136
2023-01-01,38,0,140000.12,5975.08,450.36,780,24292.6,0,0,23
2023-01-01,32,0,75286.56,5991.44,239.47,737,12482.71,0,0,28
2023-01-01,21,0,190008,201434.06,2442.83,736,233971.65,0,0,100
2023-01-01,32,0,64999.92,35693.1,787.57,784,52542.87,0,0,53
2023-01-01,31,0,70000.08,23534.78,595.98,727,40087.44,0,0,53
2023-01-01,13,0,129110.76,43008.52,511.12,708,47000.96,0,0,108
2023-01-01,5,0,200000.06,273413.56,2999.5,776,291330.25,0,0,116
2023-01-01,14,0,169130,6595.3,363.78,838,19984.28,0,0,46
2023-01-01,32,0,360000,48359.52,657.09,809,62695.49,0,0,88
2023-01-01,29,0,70000,14358.65,198.06,674,17408.95,0,0,91
2023-01-01,28,0,231750.22,54919.37,717.95,780,68413.81,0,0,92
2023-01-01,29,0,98274.43,10355.94,141,813,12750.86,0,0,92
2023-01-01,41,0,79999.66,17801.79,460.35,807,32397.13,0,0,44
2023-01-01,17,0,114459.86,31613.57,385.52,786,35520.24,0,0,104
2023-01-01,13,0,180000,76773.85,939.17,794,88464.87,0,0,108
2023-01-01,21,0,73008,77711.7,1000.81,830,90503.06,0,0,101
2023-01-01,13,0,189599.8,52576.75,436.89,793,55144.58,0,0,169
2023-01-01,45,0,76281.4,12945.18,207.75,756,18686.21,0,0,76
2023-01-01,32,0,58585.8,32967.69,292.28,675,47181.92,0,0,208
2023-01-01,40,0,197940.12,158607.27,2385.35,810,226076.11,0,0,80
2023-01-01,26,0,84932.64,11787.93,378.18,710,19773.39,0,0,35
2023-01-01,18,0,60000,81173.75,795.97,761,90436.66,0,0,162
2023-01-01,18,0,163463.04,39195.31,343.92,803,42740.47,0,0,164
2023-01-01,2,0,46700,78400.26,868.65,834,80439.38,0,0,118
2023-01-01,11,0,180001.12,228198.4,2087.16,834,264479.95,0,0,169
2023-01-01,42,0,102668,19826.93,536.44,798,37986.67,0,0,42
2023-01-01,25,0,341299.92,67761.65,2052.54,836,112864.55,0,0,36
2023-01-01,53,0,126713.6,30043.56,541.57,770,49614.02,0,0,67
2023-01-01,39,0,145200,21683.04,1175.13,707,61730.94,0,0,22
2023-01-01,31,0,134317.97,104197.13,816.18,718,112827.49,0,0,220
2023-01-01,10,0,225000,220942.18,100,801,231873.86,0,0,81
2023-01-01,22,0,110000.08,35609.24,547.94,799,53636.98,0,0,98
2023-01-01,35,0,156216.58,11488.43,557.35,805,30426.59,0,0,26
2023-01-01,5,0,170529.9,164985.15,1809.34,798,171693.87,0,0,115
2023-01-01,23,0,165526.8,81964.64,776.08,714,89459.97,0,0,157
2023-01-01,55,0,209999.92,14458.3,156.19,793,196686.95,0,0,181
2023-01-01,29,0,170000.04,80920.04,1630.98,829,132701.04,0,0,56
2023-01-01,11,0,212499.98,49593.77,1102.33,795,59432.98,0,0,51
2023-01-01,32,0,177186.92,195060.29,3043.08,693,275496.39,0,0,89
2023-01-01,10,0,65000,61387.55,578.51,756,64001.12,0,0,170
2023-01-01,21,0,165900,19086.63,347.05,774,24823.91,0,0,63
2023-01-01,30,0,344124,55859.45,1992.41,772,109147.87,0,0,30
2023-01-01,22,0,200669,90940.23,1146.69,700,105496.69,0,0,99
2023-01-01,30,0,90000.04,18885.64,269.92,809,24455.33,0,0,91
2023-01-01,28,0,210126.72,42472.73,324.36,766,45751.06,0,0,213
2023-01-01,8,0,251188.45,127912.59,1422.02,792,134037.38,0,0,113
2023-01-01,15,0,171582.95,18020.36,427.4,822,23006.52,0,0,46
2023-01-01,15,0,66999.92,11670.26,290.37,785,15409.84,0,0,45
2023-01-01,40,0,167967.84,10634.04,536.92,772,28685.26,0,0,21
2023-01-01,22,0,100000.08,63235.78,2123.09,839,113803.19,0,0,38
2023-01-01,24,0,270834.24,17231.35,518.6,828,27967.81,0,0,61
2023-01-01,18,0,200000.76,42488.85,976.26,812,71621.58,0,0,67
2023-01-01,22,0,140920,179916.76,1611.71,794,196880.57,0,0,158
2023-01-01,11,0,187000,117927.2,970.29,825,123605.81,0,0,170
2023-01-01,24,0,64480,2071.77,347.11,749,17980.75,0,0,38
2023-01-01,46,0,43747.55,12167.32,207.47,773,18040.42,0,0,75
2023-01-01,23,0,232459.2,97885.91,879.18,762,109201.31,0,0,158
2023-01-01,29,0,147565.08,182707.19,1478.93,662,208239.66,0,0,1
2023-01-01,40,0,112488,36183.48,897.66,752,63464.35,0,0,45
2023-01-01,22,0,140000.12,58243.23,1673.33,712,88161.33,0,0,38
2023-01-01,19,0,92520,30988.95,250.2,677,32212.78,0,0,221
2023-01-01,32,0,82000,54892.38,1234.03,698,80901.74,0,0,62
2023-01-01,17,0,146999.84,32770.94,316.76,830,39289.35,0,0,165
2023-01-01,13,0,107800,19747.29,238.08,701,21520,0,0,107
2023-01-01,28,0,63653.98,8234.45,69.23,734,8913.49,0,0,213
2023-01-01,43,0,170384.24,12192.29,190.55,725,50033.48,0,0,77
2023-01-01,43,0,184920,22099.09,581.27,830,43342.5,0,0,41
2023-01-01,24,0,165000,115071.3,1012.88,796,126795.29,0,0,157
2023-01-01,33,0,167468.6,110953.9,853.21,741,122640.26,0,0,241
2023-01-01,15,0,61317.88,70565.05,866.13,758,77426.4,0,0,106
2023-01-01,28,0,86233.94,2362.81,223.98,805,11883.53,0,0,33
2023-01-01,43,0,75309.96,34536.98,527.24,850,46374.36,0,0,81
2023-01-01,24,0,146070,27946.68,209.46,798,29890.73,0,0,216
2023-01-01,24,0,67995.2,7253.84,287.54,792,15036.41,0,0,36
2023-01-01,24,0,137330.7,50111.24,482.24,708,54607.8,0,0,156
2023-01-01,15,0,154000.08,128396.95,1585.04,815,149403.68,0,0,105
2023-01-01,14,0,224999.84,117403.99,5654.91,808,310051.09,0,0,47
2023-01-01,54,0,114920,71260.01,1498.77,839,134809.77,0,0,66
2023-01-01,41,0,145090.4,187383.13,2033.24,800,235077.34,0,0,140
2023-01-01,36,0,61106,2960.6,109.98,703,7345.6,0,0,48
2023-01-01,24,0,36000,8957.6,174.63,759,11881.96,0,0,60
2023-01-01,22,0,62319.39,21357.05,390.33,789,46612.61,0,0,62
2023-01-01,19,0,239814.18,23331.48,636.86,736,34879.07,0,0,42
2023-01-01,10,0,126060.74,13566.21,157.36,787,14640.24,0,0,111
2023-01-01,16,0,310000.08,78611.4,923.15,826,88348.08,0,0,104
2023-01-01,26,0,224908.28,72163.33,547.89,842,77157.37,0,0,215
2023-01-01,19,0,55993.6,138806.71,1120.67,767,144008.16,0,0,224
2023-01-01,20,0,80500,18151.74,139.17,663,18857.14,2,1,241
2023-01-01,32,0,165200.1,101247.7,778.83,828,127728.29,0,0,241
2023-01-01,17,0,101534.4,152417.14,1355.61,806,164202.7,0,0,165
2023-01-01,45,0,66452.06,6876.95,196.88,736,13578.37,0,0,39
2023-01-01,19,0,101649.6,68216.92,624.8,833,73393.4,0,0,161
2023-01-01,2,0,187642.98,39912.19,600.23,752,41025.38,0,0,83
2023-01-01,16,0,200000.06,70033.8,821.74,785,78774.32,0,0,104
2023-01-01,2,0,184995.2,30487.41,259.07,768,30560.56,0,0,179
2023-01-01,21,0,180000,166690.58,2216.17,787,212261.8,0,0,101
2023-01-01,21,0,122838.71,32959.36,297.27,777,36689.47,0,0,159
2023-01-01,22,0,95248.14,52443.87,678.18,794,61435.43,0,0,98
2023-01-01,32,0,147504.17,1833.41,85.14,844,40172.33,0,0,29
2023-01-01,30,0,320280,164259.41,2393.61,790,226858.84,0,0,90
2023-01-01,56,0,51785.92,32697.74,387.44,754,41038.85,0,0,125
2023-01-01,30,0,54499.9,60507.82,502.24,770,64663.54,0,0,211
2023-01-01,26,0,53976,39370.01,387.01,758,43701.56,0,0,154
2023-01-01,40,0,138450,2600.96,130.58,745,7127.82,0,0,21
2023-01-01,14,0,56418.31,10802.51,267.35,822,14045.67,0,0,47
2023-01-01,32,0,110297.3,30645.2,682.36,661,46636.61,0,0,53
2023-01-01,29,0,54999.88,43565.81,366.3,732,47188.23,0,0,211
2023-01-01,58,0,77820.34,27878.35,535.45,756,48977.64,0,0,63
2023-01-01,22,0,108439.93,29213.05,262.54,793,31826.15,0,0,159
2023-01-01,19,0,130000,43178.28,540.75,737,49402.39,0,0,102
2023-01-01,42,0,99999.9,46832.37,718.43,829,65766.6,0,0,79
2023-01-01,15,0,73999.9,104509.08,766.41,781,108845.35,0,0,225
2023-01-01,42,0,90000.04,7356.25,418.97,792,22181.12,0,0,19
2023-01-01,32,0,240000.02,442685.6,3420.6,666,482027.09,0,0,208
2023-01-01,26,0,49470,49070.55,418.33,729,53880.1,0,0,214
2023-01-01,7,0,367796.38,270949.82,2144.59,782,291474.13,0,0,173
2023-01-01,9,0,112574,11138.52,240.66,803,12912.67,0,0,51
2023-01-01,23,0,155000.16,151346.93,1891.53,836,180476.38,0,0,98
2023-01-01,20,0,55432.78,35185.22,639.42,757,43673.29,0,0,65
2023-01-01,17,0,65232.48,12200.94,308.04,792,16093.97,0,0,45
2023-01-01,41,0,72089.04,9566.97,285.18,784,19675.06,0,0,43
